{"ep_train": [0, 1, 2, 3, 4, 5, 6, 7, 8, 9], "ep_reward_mean_train": [NaN, -105.6115568903361, -133.22101239196888, -142.98572288222556, -117.45297100112134, -124.81781579141297, -143.9755529566326, -146.81604595662412, -125.4337664277474, -122.26891744970106], "ep_eval": [5, 10], "ep_reward_std": [37.730204858423264, 37.730204858423264], "ep_reward_mean": [NaN, -105.6115568903361, -133.22101239196888, -142.98572288222556, -117.45297100112134, -124.81781579141297, -143.9755529566326, -146.81604595662412, -125.4337664277474, -122.26891744970106]}